{
  "anchors": [
    0.88,
    1.78,
    2.59,
    6.19,
    1.56,
    3.55,
    2.16,
    1.72,
    1.97,
    4.75
  ],
  "inputs": {
    "input0": [
      224,
      224,
      3
    ]
  },
  "outputs": {
    "output0": [
      7,
      7,
      35
    ]
  },
  "params_quantity": 1859891,
  "loss": [
    [
      1,
      1.574
    ],
    [
      2,
      2.11114
    ],
    [
      3,
      2.82566
    ],
    [
      4,
      5.97378
    ],
    [
      5,
      3.66675
    ],
    [
      6,
      1.05545
    ],
    [
      7,
      0.26036
    ],
    [
      8,
      0.17555
    ],
    [
      9,
      0.17288
    ],
    [
      10,
      0.16237
    ],
    [
      11,
      0.10526
    ],
    [
      12,
      0.08612
    ],
    [
      13,
      0.07392
    ],
    [
      14,
      0.06301
    ],
    [
      15,
      0.05704
    ],
    [
      16,
      0.05221
    ],
    [
      17,
      0.04825
    ],
    [
      18,
      0.04355
    ],
    [
      19,
      0.03876
    ],
    [
      20,
      0.03625
    ],
    [
      21,
      0.03406
    ],
    [
      22,
      0.03896
    ],
    [
      23,
      0.03511
    ],
    [
      24,
      0.03053
    ],
    [
      25,
      0.0302
    ],
    [
      26,
      0.02685
    ],
    [
      27,
      0.02619
    ],
    [
      28,
      0.02348
    ],
    [
      29,
      0.02384
    ],
    [
      30,
      0.02153
    ],
    [
      31,
      0.02166
    ],
    [
      32,
      0.01912
    ],
    [
      33,
      0.0337
    ],
    [
      34,
      0.02499
    ],
    [
      35,
      0.02376
    ],
    [
      36,
      0.02144
    ],
    [
      37,
      0.02029
    ],
    [
      38,
      0.01833
    ],
    [
      39,
      0.01587
    ],
    [
      40,
      0.01613
    ],
    [
      41,
      0.0158
    ],
    [
      42,
      0.01393
    ],
    [
      43,
      0.01333
    ],
    [
      44,
      0.01318
    ],
    [
      45,
      0.01071
    ],
    [
      46,
      0.01088
    ],
    [
      47,
      0.01076
    ],
    [
      48,
      0.01021
    ],
    [
      49,
      0.00979
    ],
    [
      50,
      0.00996
    ],
    [
      51,
      0.01003
    ],
    [
      52,
      0.01
    ],
    [
      53,
      0.00955
    ],
    [
      54,
      0.0098
    ],
    [
      55,
      0.00903
    ],
    [
      56,
      0.00919
    ],
    [
      57,
      0.00877
    ],
    [
      58,
      0.00854
    ],
    [
      59,
      0.00955
    ],
    [
      60,
      0.00898
    ],
    [
      61,
      0.00772
    ],
    [
      62,
      0.00769
    ],
    [
      63,
      0.00748
    ],
    [
      64,
      0.00705
    ],
    [
      65,
      0.00685
    ],
    [
      66,
      0.00697
    ],
    [
      67,
      0.00716
    ],
    [
      68,
      0.00694
    ],
    [
      69,
      0.00699
    ],
    [
      70,
      0.00708
    ],
    [
      71,
      0.00698
    ],
    [
      72,
      0.00706
    ],
    [
      73,
      0.0061
    ],
    [
      74,
      0.00609
    ],
    [
      75,
      0.00623
    ],
    [
      76,
      0.00609
    ],
    [
      77,
      0.00628
    ],
    [
      78,
      0.00576
    ],
    [
      79,
      0.00563
    ],
    [
      80,
      0.00561
    ],
    [
      81,
      0.0057
    ],
    [
      82,
      0.00542
    ],
    [
      83,
      0.0054
    ],
    [
      84,
      0.00629
    ],
    [
      85,
      0.00592
    ],
    [
      86,
      0.00562
    ],
    [
      87,
      0.00542
    ],
    [
      88,
      0.00535
    ],
    [
      89,
      0.00505
    ],
    [
      90,
      0.00514
    ],
    [
      91,
      0.00491
    ],
    [
      92,
      0.00469
    ],
    [
      93,
      0.00481
    ],
    [
      94,
      0.00486
    ],
    [
      95,
      0.00479
    ],
    [
      96,
      0.00466
    ],
    [
      97,
      0.00464
    ],
    [
      98,
      0.00441
    ],
    [
      99,
      0.00445
    ],
    [
      100,
      0.00457
    ]
  ],
  "acc": [
    [
      1,
      0.0312
    ],
    [
      2,
      0.03471
    ],
    [
      3,
      0.03011
    ],
    [
      4,
      0.03854
    ],
    [
      5,
      0.03768
    ],
    [
      6,
      0.02717
    ],
    [
      7,
      0.02579
    ],
    [
      8,
      0.0328
    ],
    [
      9,
      0.04125
    ],
    [
      10,
      0.03994
    ],
    [
      11,
      0.04866
    ],
    [
      12,
      0.05159
    ],
    [
      13,
      0.05789
    ],
    [
      14,
      0.05887
    ],
    [
      15,
      0.0569
    ],
    [
      16,
      0.05975
    ],
    [
      17,
      0.06
    ],
    [
      18,
      0.0611
    ],
    [
      19,
      0.06316
    ],
    [
      20,
      0.06925
    ],
    [
      21,
      0.06706
    ],
    [
      22,
      0.07168
    ],
    [
      23,
      0.07114
    ],
    [
      24,
      0.07068
    ],
    [
      25,
      0.06991
    ],
    [
      26,
      0.06927
    ],
    [
      27,
      0.0704
    ],
    [
      28,
      0.07102
    ],
    [
      29,
      0.07243
    ],
    [
      30,
      0.07155
    ],
    [
      31,
      0.07388
    ],
    [
      32,
      0.07374
    ],
    [
      33,
      0.07448
    ],
    [
      34,
      0.07113
    ],
    [
      35,
      0.06716
    ],
    [
      36,
      0.07067
    ],
    [
      37,
      0.07144
    ],
    [
      38,
      0.07392
    ],
    [
      39,
      0.07345
    ],
    [
      40,
      0.07542
    ],
    [
      41,
      0.07718
    ],
    [
      42,
      0.07825
    ],
    [
      43,
      0.08024
    ],
    [
      44,
      0.07967
    ],
    [
      45,
      0.08106
    ],
    [
      46,
      0.08275
    ],
    [
      47,
      0.08119
    ],
    [
      48,
      0.08241
    ],
    [
      49,
      0.08269
    ],
    [
      50,
      0.08043
    ],
    [
      51,
      0.08096
    ],
    [
      52,
      0.08099
    ],
    [
      53,
      0.08149
    ],
    [
      54,
      0.08213
    ],
    [
      55,
      0.08193
    ],
    [
      56,
      0.08114
    ],
    [
      57,
      0.08093
    ],
    [
      58,
      0.08157
    ],
    [
      59,
      0.08363
    ],
    [
      60,
      0.0827
    ],
    [
      61,
      0.08122
    ],
    [
      62,
      0.08076
    ],
    [
      63,
      0.08134
    ],
    [
      64,
      0.08114
    ],
    [
      65,
      0.0803
    ],
    [
      66,
      0.08141
    ],
    [
      67,
      0.08161
    ],
    [
      68,
      0.08152
    ],
    [
      69,
      0.08258
    ],
    [
      70,
      0.08325
    ],
    [
      71,
      0.08412
    ],
    [
      72,
      0.08392
    ],
    [
      73,
      0.08321
    ],
    [
      74,
      0.08443
    ],
    [
      75,
      0.08292
    ],
    [
      76,
      0.08228
    ],
    [
      77,
      0.08103
    ],
    [
      78,
      0.08084
    ],
    [
      79,
      0.08038
    ],
    [
      80,
      0.08249
    ],
    [
      81,
      0.0811
    ],
    [
      82,
      0.08265
    ],
    [
      83,
      0.08265
    ],
    [
      84,
      0.08041
    ],
    [
      85,
      0.08235
    ],
    [
      86,
      0.08205
    ],
    [
      87,
      0.08239
    ],
    [
      88,
      0.08137
    ],
    [
      89,
      0.08087
    ],
    [
      90,
      0.08067
    ],
    [
      91,
      0.08076
    ],
    [
      92,
      0.08043
    ],
    [
      93,
      0.07918
    ],
    [
      94,
      0.07768
    ],
    [
      95,
      0.07863
    ],
    [
      96,
      0.07857
    ],
    [
      97,
      0.07865
    ],
    [
      98,
      0.0788
    ],
    [
      99,
      0.07897
    ],
    [
      100,
      0.07878
    ]
  ],