{
  "anchors": [
    1.69,
    3.81,
    2.28,
    5.78,
    2.75,
    6.44,
    0.81,
    1.78,
    1.94,
    4.75
  ],
  "inputs": {
    "input0": [
      224,
      224,
      3
    ]
  },
  "outputs": {
    "output0": [
      7,
      7,
      30
    ]
  },
  "params_quantity": 1856046,
  "loss": [
    [
      1,
      2.00809
    ],
    [
      2,
      1.34849
    ],
    [
      3,
      0.93812
    ],
    [
      4,
      0.60018
    ],
    [
      5,
      0.53614
    ],
    [
      6,
      0.52415
    ],
    [
      7,
      0.14511
    ],
    [
      8,
      0.09396
    ],
    [
      9,
      0.06672
    ],
    [
      10,
      0.05117
    ],
    [
      11,
      0.03971
    ],
    [
      12,
      0.03313
    ],
    [
      13,
      0.0276
    ],
    [
      14,
      0.0236
    ],
    [
      15,
      0.02126
    ],
    [
      16,
      0.01942
    ],
    [
      17,
      0.01685
    ],
    [
      18,
      0.01571
    ],
    [
      19,
      0.01419
    ],
    [
      20,
      0.01269
    ],
    [
      21,
      0.01172
    ],
    [
      22,
      0.0111
    ],
    [
      23,
      0.00962
    ],
    [
      24,
      0.00967
    ],
    [
      25,
      0.00909
    ],
    [
      26,
      0.00845
    ],
    [
      27,
      0.00742
    ],
    [
      28,
      0.00746
    ],
    [
      29,
      0.00737
    ],
    [
      30,
      0.00672
    ],
    [
      31,
      0.0072
    ],
    [
      32,
      0.00672
    ],
    [
      33,
      0.00712
    ],
    [
      34,
      0.00666
    ],
    [
      35,
      0.00621
    ],
    [
      36,
      0.00568
    ],
    [
      37,
      0.00557
    ],
    [
      38,
      0.00562
    ],
    [
      39,
      0.00489
    ],
    [
      40,
      0.00486
    ],
    [
      41,
      0.00475
    ],
    [
      42,
      0.00496
    ],
    [
      43,
      0.00497
    ],
    [
      44,
      0.00466
    ],
    [
      45,
      0.00436
    ],
    [
      46,
      0.00424
    ],
    [
      47,
      0.00392
    ],
    [
      48,
      0.0043
    ],
    [
      49,
      0.00415
    ],
    [
      50,
      0.00387
    ],
    [
      51,
      0.0039
    ],
    [
      52,
      0.00359
    ],
    [
      53,
      0.00358
    ],
    [
      54,
      0.00346
    ],
    [
      55,
      0.00338
    ],
    [
      56,
      0.00335
    ],
    [
      57,
      0.00331
    ],
    [
      58,
      0.00327
    ],
    [
      59,
      0.00293
    ],
    [
      60,
      0.00296
    ],
    [
      61,
      0.00306
    ],
    [
      62,
      0.00278
    ],
    [
      63,
      0.00287
    ],
    [
      64,
      0.0028
    ],
    [
      65,
      0.0027
    ],
    [
      66,
      0.00275
    ],
    [
      67,
      0.00265
    ],
    [
      68,
      0.00282
    ],
    [
      69,
      0.00263
    ],
    [
      70,
      0.0024
    ],
    [
      71,
      0.00241
    ],
    [
      72,
      0.00227
    ],
    [
      73,
      0.00234
    ],
    [
      74,
      0.00247
    ],
    [
      75,
      0.00236
    ],
    [
      76,
      0.00241
    ],
    [
      77,
      0.0023
    ],
    [
      78,
      0.00219
    ],
    [
      79,
      0.00228
    ],
    [
      80,
      0.0023
    ],
    [
      81,
      0.00229
    ],
    [
      82,
      0.00216
    ],
    [
      83,
      0.00214
    ],
    [
      84,
      0.00202
    ],
    [
      85,
      0.00213
    ],
    [
      86,
      0.00204
    ],
    [
      87,
      0.00199
    ],
    [
      88,
      0.00204
    ],
    [
      89,
      0.00204
    ],
    [
      90,
      0.00196
    ],
    [
      91,
      0.00195
    ],
    [
      92,
      0.00192
    ],
    [
      93,
      0.00189
    ],
    [
      94,
      0.00184
    ],
    [
      95,
      0.00193
    ],
    [
      96,
      0.00194
    ],
    [
      97,
      0.00175
    ],
    [
      98,
      0.00189
    ],
    [
      99,
      0.00202
    ],
    [
      100,
      0.0017
    ]
  ],
  "acc": [
    [
      1,
      0.26387
    ],
    [
      2,
      0.32383
    ],
    [
      3,
      0.35538
    ],
    [
      4,
      0.35415
    ],
    [
      5,
      0.33266
    ],
    [
      6,
      0.40149
    ],
    [
      7,
      0.51741
    ],
    [
      8,
      0.50807
    ],
    [
      9,
      0.48348
    ],
    [
      10,
      0.47808
    ],
    [
      11,
      0.47861
    ],
    [
      12,
      0.47033
    ],
    [
      13,
      0.48177
    ],
    [
      14,
      0.48056
    ],
    [
      15,
      0.47552
    ],
    [
      16,
      0.47615
    ],
    [
      17,
      0.47718
    ],
    [
      18,
      0.47999
    ],
    [
      19,
      0.48091
    ],
    [
      20,
      0.48323
    ],
    [
      21,
      0.4844
    ],
    [
      22,
      0.48298
    ],
    [
      23,
      0.48223
    ],
    [
      24,
      0.48323
    ],
    [
      25,
      0.48383
    ],
    [
      26,
      0.48519
    ],
    [
      27,
      0.48456
    ],
    [
      28,
      0.48686
    ],
    [
      29,
      0.48659
    ],
    [
      30,
      0.48441
    ],
    [
      31,
      0.4849
    ],
    [
      32,
      0.48759
    ],
    [
      33,
      0.48751
    ],
    [
      34,
      0.48634
    ],
    [
      35,
      0.48654
    ],
    [
      36,
      0.48974
    ],
    [
      37,
      0.49013
    ],
    [
      38,
      0.48891
    ],
    [
      39,
      0.4902
    ],
    [
      40,
      0.49047
    ],
    [
      41,
      0.49086
    ],
    [
      42,
      0.48906
    ],
    [
      43,
      0.49039
    ],
    [
      44,
      0.48796
    ],
    [
      45,
      0.48644
    ],
    [
      46,
      0.48703
    ],
    [
      47,
      0.48761
    ],
    [
      48,
      0.48908
    ],
    [
      49,
      0.48819
    ],
    [
      50,
      0.48647
    ],
    [
      51,
      0.48915
    ],
    [
      52,
      0.4887
    ],
    [
      53,
      0.48839
    ],
    [
      54,
      0.48763
    ],
    [
      55,
      0.48871
    ],
    [
      56,
      0.48818
    ],
    [
      57,
      0.48866
    ],
    [
      58,
      0.4882
    ],
    [
      59,
      0.4881
    ],
    [
      60,
      0.48913
    ],
    [
      61,
      0.48954
    ],
    [
      62,
      0.48776
    ],
    [
      63,
      0.48799
    ],
    [
      64,
      0.48861
    ],
    [
      65,
      0.48941
    ],
    [
      66,
      0.48735
    ],
    [
      67,
      0.48641
    ],
    [
      68,
      0.48663
    ],
    [
      69,
      0.48846
    ],
    [
      70,
      0.48943
    ],
    [
      71,
      0.48771
    ],
    [
      72,
      0.48837
    ],
    [
      73,
      0.48803
    ],
    [
      74,
      0.48764
    ],
    [
      75,
      0.48753
    ],
    [
      76,
      0.48789
    ],
    [
      77,
      0.48936
    ],
    [
      78,
      0.48877
    ],
    [
      79,
      0.48831
    ],
    [
      80,
      0.48856
    ],
    [
      81,
      0.48794
    ],
    [
      82,
      0.4879
    ],
    [
      83,
      0.48848
    ],
    [
      84,
      0.48773
    ],
    [
      85,
      0.48852
    ],
    [
      86,
      0.48748
    ],
    [
      87,
      0.48727
    ],
    [
      88,
      0.48837
    ],
    [
      89,
      0.48783
    ],
    [
      90,
      0.48707
    ],
    [
      91,
      0.48849
    ],
    [
      92,
      0.49
    ],
    [
      93,
      0.48955
    ],
    [
      94,
      0.48924
    ],
    [
      95,
      0.48893
    ],
    [
      96,
      0.4876
    ],
    [
      97,
      0.48872
    ],
    [
      98,
      0.48854
    ],
    [
      99,
      0.48873
    ],
    [
      100,
      0.48835
    ]
  ],